10,SU0729,NAU,1987,Clinical,soil,SRA,None,None,None,None	GROUP1_cbot_ATCC449_NZLFOO01000064	154919	1519	1519	1514	99.67	5	0	147068	148586	plus	CTTTTAAATTTAGAGTTTGATCCTGGCTCAGGACGAACGCTGGCGGCGTGCTTAACACATGCAAGTCGAGCGATGAAGCTTCCTTCGGGAAGTGGATTAGCGGCGGACGGGTGAGTAACACGTGGGTAACCTGCCTCAAAGTGGGGGATAGCCTTCCGAAAGGAAGATTAATACCGCATAATATAAGAGAATCGCATGATTTTTTTATCAAAGATTTATTGCTTTGAGATGGACCCGCGGCGCATTAGCTAGTTGGTAAGGTAACGGCTTACCAAGGCAACGATGCGTAGCCGACCTGAGAGGGTGATCGGCCACATTGGAACTGAGACACGGTCCAGACTCCTACGGGAGGCAGCAGTGGGGAATATTGCGCAATGGGGGAAACCCTGACGCAGCAACGCCGCGTGGGTGATGAAGGTCTTCGGATTGTAAAGCCCTGTTTTCTAGGACGATAATGACGGTACTAGAGGAGGAAGCCACGGCTAACTACGTGCCAGCAGCCGCGGTAATACGTAGGTGGCGAGCGTTGTCCGGATTTACTGGGCGTAAAGGGTGCGTAGGCGGATGTTTAAGTGGGATGTGAAATCCCCGGGCTTAACCTGGGGGCTGCATTCCAAACTGGATATCTAGAGTGCAGGAGAGGAAAGCGGAATTCCTAGTGTAGCGGTGAAATGCGTAGAGATTAGGAAGAACACCAGTGGCGAAGGCGGCTTTCTGGACTGTAACTGACGCTGAGGCACGAAAGCGTGGGTAGCAAACAGGATTAGATACCCTGGTAGTCCACGCCGTAAACGATGGATACTAGGTGTAGGGGGTATCAACTCCCCCTGTGCCGCAGTTAACACAATAAGTATCCCGCCTGGGGAGTACGGTCGCAAGATTAAAACTCAAAGGAATTGACGGGGGCCCGCACAAGCAGCGGAGCATGTGGTTTAATTCGAAGCAACGCGAAGAACCTTACCTGGACTTGACATCCCTTGCATAGCCTAGAGATAGGTGAAGCCCTTCGGGGCAAGGAGACAGGTGGTGCATGGTTGTCGTCAGCTCGTGTCGTGAGATGTTAGGTTAAGTCCTGCAACGAGCGCAACCCTTGTTATTAGTTGCTACCATTAAGTTGAGCACTCTAATGAGACTGCCTGGGTAACCAGGAGGAAGGTGGGGATGACGTCAAATCATCATGCCCCTTATGTCCAGGGCTACACACGTGCTACAATGGTAGGTACAATAAGACGCAAGACCGTGAGGTGGAGCAAAACTTATAAAACCTATCTCAGTTCGGATTGTAGGCTGCAACTCGCCTACATGAAGCTGGAGTTGCTAGTAATCGCGAATCAGAATGTCGCGGTGAATACGTTCCCGGGCCTTGTACACACCGCCCGTCACACCATGAGAGCTGGTAACACCCGAAGTCCGTGAGGTAACCGTAAGGAACCAGCGGCCGAAGGTGGGATTAGTGATTGGGGTGAAGTCGTAACAAGGTAGCCGTAGGAGAACCTGCGGCTGGATCACCTCCTTTCTA

10,SU0729,NAU,1987,Clinical,soil,SRA,None,None,None,None	GROUP1_cbot_ATCC449_NZLFOO01000064	154919	1519	1519	1513	99.61	6	0	6334	7852	reversed to plus	CTTTTAAATTTAGAGTTTGATCCTGGCTCAGGACGAACGCTGGCGGCGTGCTTAACACATGCAAGTCGAGCGATGAAGCTTCCTTCGGGAAGTGGATTAGCGGCGGACGGGTGAGTAACACGTGGGTAACCTGCCTCAAAGTGGGGGATAGCCTTCCGAAAGGAAGATTAATACCGCATAATATAAGAGAATCGCATGATTTTTTTATCAAAGATTTATTGCTTTGAGATGGACCCGCGGCGCATTAGCTAGTTGATAAGGTAACGGCTTACCAAGGCAACGATGCGTAGCCGACCTGAGAGGGTGATCGGCCACATTGGAACTGAGACACGGTCCAGACTCCTACGGGAGGCAGCAGTGGGGAATATTGCGCAATGGGGGAAACCCTGACGCAGCAACGCCGCGTGGGTGATGAAGGTCTTCGGATTGTAAAGCCCTGTTTTCTAGGACGATAATGACGGTACTAGAGGAGGAAGCCACGGCTAACTACGTGCCAGCAGCCGCGGTAATACGTAGGTGGCGAGCGTTGTCCGGATTTACTGGGCGTAAAGGGTGCGTAGGCGGATGTTTAAGTGGGATGTGAAATCCCCGGGCTTAACCTGGGGGCTGCATTCCAAACTGGATATCTAGAGTGCAGGAGAGGAAAGCGGAATTCCTAGTGTAGCGGTGAAATGCGTAGAGATTAGGAAGAACACCAGTGGCGAAGGCGGCTTTCTGGACTGTAACTGACGCTGAGGCACGAAAGCGTGGGTAGCAAACAGGATTAGATACCCTGGTAGTCCACGCCGTAAACGATGGATACTAGGTGTAGGGGGTATCAACTCCCCCTGTGCCGCAGTTAACACAATAAGTATCCCGCCTGGGGAGTACGGTCGCAAGATTAAAACTCAAAGGAATTGACGGGGGCCCGCACAAGCAGCGGAGCATGTGGTTTAATTCGAAGCAACGCGAAGAACCTTACCTGGACTTGACATCCCTTGCATAGCCTAGAGATAGGTGAAGCCCTTCGGGGCAAGGAGACAGGTGGTGCATGGTTGTCGTCAGCTCGTGTCGTGAGATGTTAGGTTAAGTCCTGCAACGAGCGCAACCCTTGTTATTAGTTGCTACCATTAAGTTGAGCACTCTAATGAGACTGCCTGGGTAACCAGGAGGAAGGTGGGGATGACGTCAAATCATCATGCCCCTTATGTCCAGGGCTACACACGTGCTACAATGGTAGGTACAATAAGACGCAAGACCGTGAGGTGGAGCAAAACTTATAAAACCTATCTCAGTTCGGATTGTAGGCTGCAACTCGCCTACATGAAGCTGGAGTTGCTAGTAATCGCGAATCAGAATGTCGCGGTGAATACGTTCCCGGGCCTTGTACACACCGCCCGTCACACCATGAGAGCTGGTAACACCCGAAGTCCGTGAGGTAACCGTAAGGAACCAGCGGCCGAAGGTGGGATTAGTGATTGGGGTGAAGTCGTAACAAGGTAGCCGTAGGAGAACCTGCGGCTGGATCACCTCCTTTCTA
10,SU0729,NAU,1987,Clinical,soil,SRA,None,None,None,None	GROUP1_cbot_NCTC7272_X68185	154919	1511	1503	1499	99.73	3	1	147079	148580	plus	AGAGTTTGATCCTGGCTCAGGACGAACGCTGGCGGCGTGCTTAACACATGCAAGTCGAGCGATGAAGCTTCCTTCGGGAAGTGGATTAGCGGCGGACGGGTGAGTAACACGTGGGTAACCTGCCTCAAAGTGGGGGATAGCCTTCCGAAAGGAAGATTAATACCGCATAATATAAGAGAATCGCATGATTTTTTTATCAAAGATTTATTGCTTTGAGATGGACCCGCGGCGCATTAGCTAGTTGGTAAGGTAACGGCTTACCAAGGCAACGATGCGTAGCCGACCTGAGAGGGTGATCGGCCACATTGGAACTGAGACACGGTCCAGACTCCTACGGGAGGCAGCAGTGGGGAATATTGCGCAATGGGGGAAACCCTGACGCAGCAACGCCGCGTGGGTGATGAAGGTCTTCGGATTGTAAAGCCCTGTTTTCTAGGACGATAATGACGGTACTAGAGGAGGAAGCCACGGCTAACTACGTGCCAGCAGCCGCGGTAATACGTAGGTGGCGAGCGTTGTCCGGATTTACTGGGCGTAAAGGGTGCGTAGGCGGATGTTTAAGTGGGATGTGAAATCCCCGGGCTTAACCTGGGGGCTGCATTCCAAACTGGATATCTAGAGTGCAGGAGAGGAAAGCGGAATTCCTAGTGTAGCGGTGAAATGCGTAGAGATTAGGAAGAACACCAGTGGCGAAGGCGGCTTTCTGGACTGTAACTGACGCTGAGGCACGAAAGCGTGGGTAGCAAACAGGATTAGATACCCTGGTAGTCCACGCCGTAAACGATGGATACTAGGTGTAGGGGGTATCAACTCCCCCTGTGCCGCAGTTAACACAATAAGTATCCCGCCTGGGGAGTACGGTCGCAAGATTAAAACTCAAAGGAATTGACGGGGGCCCGCACAAGCAGCGGAGCATGTGGTTTAATTCGAAGCAACGCGAAGAACCTTACCTGGACTTGACATCCCTTGCATAGCCTAGAGATAGGTGAAGCCCTTCGGGGCAAGGAGACAGGTGGTGCATGGTTGTCGTCAGCTCGTGTCGTGAGATGTTAGGTTAAGTCCTGCAACGAGCGCAACCCTTGTTATTAGTTGCTACCATTAAGTTGAGCACTCTAATGAGACTGCCTGGGTAACCAGGAGGAAGGTGGGGATGACGTCAAATCATCATGCCCCTTATGTCCAGGGCTACACACGTGCTACAATGGTAGGTACAATAAGACGCAAGACCGTGAGGTGGAGCAAAACTTATAAAACCTATCTCAGTTCGGATTGTAGGCTGCAACTCGCCTACATGAAGCTGGAGTTGCTAGTAATCGCGAATCAGAATGTCGCGGTGAATACGTTCCCGGGCCTTGTACACACCGCCC-GTCACACCATGAGAGCTGGTAACACCCGAAGTCCGTGAGGTAACCGTAAGGAACCAGCGGCCGAAGGTGGGATTAGTGATTGGGGTGAAGTCGTAACAAGGTAGCCGTAGGAGAACCTGCGGCTGGATCACCTCC

10,SU0729,NAU,1987,Clinical,soil,SRA,None,None,None,None	GROUP1_cbot_NCTC7272_X68185	154919	1511	1503	1498	99.67	4	1	6340	7841	reversed to plus	AGAGTTTGATCCTGGCTCAGGACGAACGCTGGCGGCGTGCTTAACACATGCAAGTCGAGCGATGAAGCTTCCTTCGGGAAGTGGATTAGCGGCGGACGGGTGAGTAACACGTGGGTAACCTGCCTCAAAGTGGGGGATAGCCTTCCGAAAGGAAGATTAATACCGCATAATATAAGAGAATCGCATGATTTTTTTATCAAAGATTTATTGCTTTGAGATGGACCCGCGGCGCATTAGCTAGTTGATAAGGTAACGGCTTACCAAGGCAACGATGCGTAGCCGACCTGAGAGGGTGATCGGCCACATTGGAACTGAGACACGGTCCAGACTCCTACGGGAGGCAGCAGTGGGGAATATTGCGCAATGGGGGAAACCCTGACGCAGCAACGCCGCGTGGGTGATGAAGGTCTTCGGATTGTAAAGCCCTGTTTTCTAGGACGATAATGACGGTACTAGAGGAGGAAGCCACGGCTAACTACGTGCCAGCAGCCGCGGTAATACGTAGGTGGCGAGCGTTGTCCGGATTTACTGGGCGTAAAGGGTGCGTAGGCGGATGTTTAAGTGGGATGTGAAATCCCCGGGCTTAACCTGGGGGCTGCATTCCAAACTGGATATCTAGAGTGCAGGAGAGGAAAGCGGAATTCCTAGTGTAGCGGTGAAATGCGTAGAGATTAGGAAGAACACCAGTGGCGAAGGCGGCTTTCTGGACTGTAACTGACGCTGAGGCACGAAAGCGTGGGTAGCAAACAGGATTAGATACCCTGGTAGTCCACGCCGTAAACGATGGATACTAGGTGTAGGGGGTATCAACTCCCCCTGTGCCGCAGTTAACACAATAAGTATCCCGCCTGGGGAGTACGGTCGCAAGATTAAAACTCAAAGGAATTGACGGGGGCCCGCACAAGCAGCGGAGCATGTGGTTTAATTCGAAGCAACGCGAAGAACCTTACCTGGACTTGACATCCCTTGCATAGCCTAGAGATAGGTGAAGCCCTTCGGGGCAAGGAGACAGGTGGTGCATGGTTGTCGTCAGCTCGTGTCGTGAGATGTTAGGTTAAGTCCTGCAACGAGCGCAACCCTTGTTATTAGTTGCTACCATTAAGTTGAGCACTCTAATGAGACTGCCTGGGTAACCAGGAGGAAGGTGGGGATGACGTCAAATCATCATGCCCCTTATGTCCAGGGCTACACACGTGCTACAATGGTAGGTACAATAAGACGCAAGACCGTGAGGTGGAGCAAAACTTATAAAACCTATCTCAGTTCGGATTGTAGGCTGCAACTCGCCTACATGAAGCTGGAGTTGCTAGTAATCGCGAATCAGAATGTCGCGGTGAATACGTTCCCGGGCCTTGTACACACCGCCC-GTCACACCATGAGAGCTGGTAACACCCGAAGTCCGTGAGGTAACCGTAAGGAACCAGCGGCCGAAGGTGGGATTAGTGATTGGGGTGAAGTCGTAACAAGGTAGCCGTAGGAGAACCTGCGGCTGGATCACCTCC
10,SU0729,NAU,1987,Clinical,soil,SRA,None,None,None,None	GROUP1_cbot_NCTC7273_X68186	154919	1510	1502	1498	99.73	4	0	147079	148580	plus	AGAGTTTGATCCTGGCTCAGGACGAACGCTGGCGGCGTGCTTAACACATGCAAGTCGAGCGATGAAGCTTCCTTCGGGAAGTGGATTAGCGGCGGACGGGTGAGTAACACGTGGGTAACCTGCCTCAAAGTGGGGGATAGCCTTCCGAAAGGAAGATTAATACCGCATAATATAAGAGAATCGCATGATTTTTTTATCAAAGATTTATTGCTTTGAGATGGACCCGCGGCGCATTAGCTAGTTGGTAAGGTAACGGCTTACCAAGGCAACGATGCGTAGCCGACCTGAGAGGGTGATCGGCCACATTGGAACTGAGACACGGTCCAGACTCCTACGGGAGGCAGCAGTGGGGAATATTGCGCAATGGGGGAAACCCTGACGCAGCAACGCCGCGTGGGTGATGAAGGTCTTCGGATTGTAAAGCCCTGTTTTCTAGGACGATAATGACGGTACTAGAGGAGGAAGCCACGGCTAACTACGTGCCAGCAGCCGCGGTAATACGTAGGTGGCGAGCGTTGTCCGGATTTACTGGGCGTAAAGGGTGCGTAGGCGGATGTTTAAGTGGGATGTGAAATCCCCGGGCTTAACCTGGGGGCTGCATTCCAAACTGGATATCTAGAGTGCAGGAGAGGAAAGCGGAATTCCTAGTGTAGCGGTGAAATGCGTAGAGATTAGGAAGAACACCAGTGGCGAAGGCGGCTTTCTGGACTGTAACTGACGCTGAGGCACGAAAGCGTGGGTAGCAAACAGGATTAGATACCCTGGTAGTCCACGCCGTAAACGATGGATACTAGGTGTAGGGGGTATCAACTCCCCCTGTGCCGCAGTTAACACAATAAGTATCCCGCCTGGGGAGTACGGTCGCAAGATTAAAACTCAAAGGAATTGACGGGGGCCCGCACAAGCAGCGGAGCATGTGGTTTAATTCGAAGCAACGCGAAGAACCTTACCTGGACTTGACATCCCTTGCATAGCCTAGAGATAGGTGAAGCCCTTCGGGGCAAGGAGACAGGTGGTGCATGGTTGTCGTCAGCTCGTGTCGTGAGATGTTAGGTTAAGTCCTGCAACGAGCGCAACCCTTGTTATTAGTTGCTACCATTAAGTTGAGCACTCTAATGAGACTGCCTGGGTAACCAGGAGGAAGGTGGGGATGACGTCAAATCATCATGCCCCTTATGTCCAGGGCTACACACGTGCTACAATGGTAGGTACAATAAGACGCAAGACCGTGAGGTGGAGCAAAACTTATAAAACCTATCTCAGTTCGGATTGTAGGCTGCAACTCGCCTACATGAAGCTGGAGTTGCTAGTAATCGCGAATCAGAATGTCGCGGTGAATACGTTCCCGGGCCTTGTACACACCGCCCGTCACACCATGAGAGCTGGTAACACCCGAAGTCCGTGAGGTAACCGTAAGGAACCAGCGGCCGAAGGTGGGATTAGTGATTGGGGTGAAGTCGTAACAAGGTAGCCGTAGGAGAACCTGCGGCTGGATCACCTCC

10,SU0729,NAU,1987,Clinical,soil,SRA,None,None,None,None	GROUP1_cbot_NCTC7273_X68186	154919	1510	1502	1497	99.67	5	0	6340	7841	reversed to plus	AGAGTTTGATCCTGGCTCAGGACGAACGCTGGCGGCGTGCTTAACACATGCAAGTCGAGCGATGAAGCTTCCTTCGGGAAGTGGATTAGCGGCGGACGGGTGAGTAACACGTGGGTAACCTGCCTCAAAGTGGGGGATAGCCTTCCGAAAGGAAGATTAATACCGCATAATATAAGAGAATCGCATGATTTTTTTATCAAAGATTTATTGCTTTGAGATGGACCCGCGGCGCATTAGCTAGTTGATAAGGTAACGGCTTACCAAGGCAACGATGCGTAGCCGACCTGAGAGGGTGATCGGCCACATTGGAACTGAGACACGGTCCAGACTCCTACGGGAGGCAGCAGTGGGGAATATTGCGCAATGGGGGAAACCCTGACGCAGCAACGCCGCGTGGGTGATGAAGGTCTTCGGATTGTAAAGCCCTGTTTTCTAGGACGATAATGACGGTACTAGAGGAGGAAGCCACGGCTAACTACGTGCCAGCAGCCGCGGTAATACGTAGGTGGCGAGCGTTGTCCGGATTTACTGGGCGTAAAGGGTGCGTAGGCGGATGTTTAAGTGGGATGTGAAATCCCCGGGCTTAACCTGGGGGCTGCATTCCAAACTGGATATCTAGAGTGCAGGAGAGGAAAGCGGAATTCCTAGTGTAGCGGTGAAATGCGTAGAGATTAGGAAGAACACCAGTGGCGAAGGCGGCTTTCTGGACTGTAACTGACGCTGAGGCACGAAAGCGTGGGTAGCAAACAGGATTAGATACCCTGGTAGTCCACGCCGTAAACGATGGATACTAGGTGTAGGGGGTATCAACTCCCCCTGTGCCGCAGTTAACACAATAAGTATCCCGCCTGGGGAGTACGGTCGCAAGATTAAAACTCAAAGGAATTGACGGGGGCCCGCACAAGCAGCGGAGCATGTGGTTTAATTCGAAGCAACGCGAAGAACCTTACCTGGACTTGACATCCCTTGCATAGCCTAGAGATAGGTGAAGCCCTTCGGGGCAAGGAGACAGGTGGTGCATGGTTGTCGTCAGCTCGTGTCGTGAGATGTTAGGTTAAGTCCTGCAACGAGCGCAACCCTTGTTATTAGTTGCTACCATTAAGTTGAGCACTCTAATGAGACTGCCTGGGTAACCAGGAGGAAGGTGGGGATGACGTCAAATCATCATGCCCCTTATGTCCAGGGCTACACACGTGCTACAATGGTAGGTACAATAAGACGCAAGACCGTGAGGTGGAGCAAAACTTATAAAACCTATCTCAGTTCGGATTGTAGGCTGCAACTCGCCTACATGAAGCTGGAGTTGCTAGTAATCGCGAATCAGAATGTCGCGGTGAATACGTTCCCGGGCCTTGTACACACCGCCCGTCACACCATGAGAGCTGGTAACACCCGAAGTCCGTGAGGTAACCGTAAGGAACCAGCGGCCGAAGGTGGGATTAGTGATTGGGGTGAAGTCGTAACAAGGTAGCCGTAGGAGAACCTGCGGCTGGATCACCTCC
10,SU0729,NAU,1987,Clinical,soil,SRA,None,None,None,None	GROUP1_cbot_LangelandNCTC10281_X68172	154919	1515	1507	1501	99.60	3	3	147079	148582	plus	AGAGTTTGATCCTGGCTCAGGACGAACGCTGGCGGCGTGCTTAACACATGCAAGTCGAGCGATGAAGCTTCCTTCGGGAAGTGGATTAGCGGCGGACGGGTGAGTAACACGTGGGTAACCTGCCTCAAAGTGGGGGATAGCCTTCCGAAAGGAAGATTAATACCGCATAATATAAGAGAATCGCATGATTTTTTTAT-CAAAGATTTATTGCTTTGAGATGGACCCGCGGCGCATTAGCTAGTTGGTAAGGTAACGGCTTACCAAGGCAACGATGCGTAGCCGACCTGAGAGGGTGATCGGCCACATTGGAACTGAGACACGGTCCAGACTCCTACGGGAGGCAGCAGTGGGGAATATTGCGCAATGGGGGAAACCCTGACGCAGCAACGCCGCGTGGGTGATGAAGGTCTTCGGATTGTAAAGCCCTGTTTTCTAGGACGATAATGACGGTACTAGAGGAGGAAGCCACGGCTAACTACGTGCCAGCAGCCGCGGTAATACGTAGGTGGCGAGCGTTGTCCGGATTTACTGGGCGTAAAGGGTGCGTAGGCGGATGTTTAAGTGGGATGTGAAATCCCCGGGCTTAACCTGGGGGCTGCATTCCAAACTGGATATCTAGAGTGCAGGAGAGGAAAGCGGAATTCCTAGTGTAGCGGTGAAATGCGTAGAGATTAGGAAGAACACCAGTGGCGAAGGCGGCTTTCTGGACTGTAACTGACGCTGAGGCACGAAAGCGTGGGTAGCAAACAGGATTAGATACCCTGGTAGTCCACGCCGTAAACGATGGATACTAGGTGTAGGGGGTATCAACTCCCCCTGTGCCGCAGTTAACACAATAAGTATCCCGCCTGGGGAGTACGGTCGCAAGATTAAAACTCAAAGGAATTGACGGGGGCCCGCACAAGCAGCGGAGCATGTGGTTTAATTCGAAGCAACGCGAAGAACCTTACCTGGACTTGACATCCCTTGCATAGCCTAGAGATAGGTGAAGCCCTTCGGGGCAAGGAGACAGGTGGTGCATGGTTGTCGTCAGCTCGTGTCGTGAGATGTTAGGTTAAGTCCTGCAACGAGCGCAACCCTTGTTATTAGTTGCTACCATTAAGTTGAGCACTCTAATGAGACTGCCTGGGTAACCAGGAGGAAGGTGGGGATGACGTCAAATCATCATGCCCCTTATGTCCAGGGCTACACACGTGCTACAATGGTAGGTACAATAAGACGCAAGACCGTGAGGTGGAGCAAAACTTATAAAACCTATCTCAGTTCGGATTGTAGGCTGCAACTCGCCTACATGAAGCTGGAGTTGCTAGTAATCGCGAATCAGAATGTCGCGGTGAATACGTTCCCGGGCCTTGTACACACCGCCCGTCACACCATGAGAG--CTGGTAACACCCGAAGTCCGTGAGGTAACCGTAAGGAACCAGCGGCCGAAGGTGGGATTAGTGATTGGGGTGAAGTCGTAACAAGGTAGCCGTAGGAGAACCTGCGGCTGGATCACCTCCTT

10,SU0729,NAU,1987,Clinical,soil,SRA,None,None,None,None	GROUP1_cbot_LangelandNCTC10281_X68172	154919	1515	1507	1500	99.54	4	3	6338	7841	reversed to plus	AGAGTTTGATCCTGGCTCAGGACGAACGCTGGCGGCGTGCTTAACACATGCAAGTCGAGCGATGAAGCTTCCTTCGGGAAGTGGATTAGCGGCGGACGGGTGAGTAACACGTGGGTAACCTGCCTCAAAGTGGGGGATAGCCTTCCGAAAGGAAGATTAATACCGCATAATATAAGAGAATCGCATGATTTTTTTAT-CAAAGATTTATTGCTTTGAGATGGACCCGCGGCGCATTAGCTAGTTGATAAGGTAACGGCTTACCAAGGCAACGATGCGTAGCCGACCTGAGAGGGTGATCGGCCACATTGGAACTGAGACACGGTCCAGACTCCTACGGGAGGCAGCAGTGGGGAATATTGCGCAATGGGGGAAACCCTGACGCAGCAACGCCGCGTGGGTGATGAAGGTCTTCGGATTGTAAAGCCCTGTTTTCTAGGACGATAATGACGGTACTAGAGGAGGAAGCCACGGCTAACTACGTGCCAGCAGCCGCGGTAATACGTAGGTGGCGAGCGTTGTCCGGATTTACTGGGCGTAAAGGGTGCGTAGGCGGATGTTTAAGTGGGATGTGAAATCCCCGGGCTTAACCTGGGGGCTGCATTCCAAACTGGATATCTAGAGTGCAGGAGAGGAAAGCGGAATTCCTAGTGTAGCGGTGAAATGCGTAGAGATTAGGAAGAACACCAGTGGCGAAGGCGGCTTTCTGGACTGTAACTGACGCTGAGGCACGAAAGCGTGGGTAGCAAACAGGATTAGATACCCTGGTAGTCCACGCCGTAAACGATGGATACTAGGTGTAGGGGGTATCAACTCCCCCTGTGCCGCAGTTAACACAATAAGTATCCCGCCTGGGGAGTACGGTCGCAAGATTAAAACTCAAAGGAATTGACGGGGGCCCGCACAAGCAGCGGAGCATGTGGTTTAATTCGAAGCAACGCGAAGAACCTTACCTGGACTTGACATCCCTTGCATAGCCTAGAGATAGGTGAAGCCCTTCGGGGCAAGGAGACAGGTGGTGCATGGTTGTCGTCAGCTCGTGTCGTGAGATGTTAGGTTAAGTCCTGCAACGAGCGCAACCCTTGTTATTAGTTGCTACCATTAAGTTGAGCACTCTAATGAGACTGCCTGGGTAACCAGGAGGAAGGTGGGGATGACGTCAAATCATCATGCCCCTTATGTCCAGGGCTACACACGTGCTACAATGGTAGGTACAATAAGACGCAAGACCGTGAGGTGGAGCAAAACTTATAAAACCTATCTCAGTTCGGATTGTAGGCTGCAACTCGCCTACATGAAGCTGGAGTTGCTAGTAATCGCGAATCAGAATGTCGCGGTGAATACGTTCCCGGGCCTTGTACACACCGCCCGTCACACCATGAGAG--CTGGTAACACCCGAAGTCCGTGAGGTAACCGTAAGGAACCAGCGGCCGAAGGTGGGATTAGTGATTGGGGTGAAGTCGTAACAAGGTAGCCGTAGGAGAACCTGCGGCTGGATCACCTCCTT
10,SU0729,NAU,1987,Clinical,soil,SRA,None,None,None,None	GROUP1_cbot_ELTDK103_NR_036786	154919	1507	1509	1494	99.01	7	8	147079	148582	plus	AGAGTTTGATCCTGGCTCAGGACGAACGCTGGCGGCGTGCTTAACACATGCAAGTCGAGCGATGAAGCTTCCTTCGGGAAGTGGATTAGCGGCGGACGGGTGAGTAACACGTGGGTAACCTGCCTCAAAGTGGGGGATAGCCTTCCGAAAGGAAGATTAATACCGCATAATATAAGAGAATCGCATGATTTTTTTATCAAAGATTTATTGCTTTGAGATGGACCCGCGGCGCATTAGCTAGTTGGTAAGGTAACGGCTTACCAAGGCAACGATGCGTAGCCGACCTGAGAGGGTGATCGGCCACATTGGAACTGAGACACGGTCCAGACTCCTACGGGAGGCAGCAGTGGGGAATATTGCGCAATGGGGGAAACCCTGACGCAGCAACGCCGCGTGGGTGATGAAGGTCTTCGGATTGTAAAGCCCTGTTTTCTAGGACGATAATGACGGTACTAGAGGAGGAAGCCACGGCTAACTACGTGCCAGCAGCCGCGGTAATACGTAGGTGGCGAGCGTTGTCCGGATTTACTGGGCGTAAAGGGTGCGTAGGCGGATGTTTAAGTGGGATGTGAAATCCCCGGGCTTAACCTGGGGGCTGCATTCC-AAACTGGATATCTAGAGTGCAGGAGAGGAAAGCGGAATTCCTAGTGTAGCGGTGAAATGCGTAGAGATTAGGAAGAACACCAGTGGCGAAGGCGGCTTTCTGGACTGTAACTGACGCTGAGGCACGAAAGCGTGGGTAGCAAACAGGATTAGATACCCTGGTAGTCCACGCCGTAAACGATGGATACTAGGTGTAGGGGGTATCAACTCCCCCTGTGCCGCAGTTAACACAATAAGTATCCCGCCTGGGGAGTACGGTCGCAAGATTAAAACTCAAAGGAATTGACGGGGGCCCGCACAAGCAGCGGAGCA-TGTGGTTTAATTCGAAGCAACGCGAAGAACCTTACCTGGACTTGACATCCCTTGCATAGCCTAGAGATAGGTGAAGCCCTTCGGGGCAAGGAGACAGGTGGTGCATGGTTGTCGTCAGCTCGTGTCGTGAGATGTTAGGTTAAGTCCTGCAACGAGCGCAACCCTTGTTATTAGTTGCTACCATTAAGTTGAGCACTCTAATGAGACTGCCTGGGTAACCAGGAGGAAGGTGGGGATGACGTCAAATCATCATGCCCCTTATGTCCAGGGCTACACACGTGCTACAATGGTAGGTACAATAAGACGCAAGACCGTGAGGTGGAGCAAAACTTATAAAACCTATCTCAGTTCGGATTGTAGGCTGCAACTCGCCTACATGAAGCTGGAGTTGCTAGTAATCGCGAATCAGAATGTCGCGGTGAATACGTTCCCGGGCCTTGTACACACCGCCCGTCACACCATGAGAGCTGGTAACACCCGAAGTCCGTGAGGTAACCGTAAGGAA-CCAGCGGCCGAAGGTGGGATTA-GTGATTGGGGTGAA-GTCGTAACAAGGTAGCCGTAGGAGAACCTGCGGCTGGATCACCTCCTT

10,SU0729,NAU,1987,Clinical,soil,SRA,None,None,None,None	GROUP1_cbot_ELTDK103_NR_036786	154919	1507	1509	1493	98.94	8	8	6338	7841	reversed to plus	AGAGTTTGATCCTGGCTCAGGACGAACGCTGGCGGCGTGCTTAACACATGCAAGTCGAGCGATGAAGCTTCCTTCGGGAAGTGGATTAGCGGCGGACGGGTGAGTAACACGTGGGTAACCTGCCTCAAAGTGGGGGATAGCCTTCCGAAAGGAAGATTAATACCGCATAATATAAGAGAATCGCATGATTTTTTTATCAAAGATTTATTGCTTTGAGATGGACCCGCGGCGCATTAGCTAGTTGATAAGGTAACGGCTTACCAAGGCAACGATGCGTAGCCGACCTGAGAGGGTGATCGGCCACATTGGAACTGAGACACGGTCCAGACTCCTACGGGAGGCAGCAGTGGGGAATATTGCGCAATGGGGGAAACCCTGACGCAGCAACGCCGCGTGGGTGATGAAGGTCTTCGGATTGTAAAGCCCTGTTTTCTAGGACGATAATGACGGTACTAGAGGAGGAAGCCACGGCTAACTACGTGCCAGCAGCCGCGGTAATACGTAGGTGGCGAGCGTTGTCCGGATTTACTGGGCGTAAAGGGTGCGTAGGCGGATGTTTAAGTGGGATGTGAAATCCCCGGGCTTAACCTGGGGGCTGCATTCC-AAACTGGATATCTAGAGTGCAGGAGAGGAAAGCGGAATTCCTAGTGTAGCGGTGAAATGCGTAGAGATTAGGAAGAACACCAGTGGCGAAGGCGGCTTTCTGGACTGTAACTGACGCTGAGGCACGAAAGCGTGGGTAGCAAACAGGATTAGATACCCTGGTAGTCCACGCCGTAAACGATGGATACTAGGTGTAGGGGGTATCAACTCCCCCTGTGCCGCAGTTAACACAATAAGTATCCCGCCTGGGGAGTACGGTCGCAAGATTAAAACTCAAAGGAATTGACGGGGGCCCGCACAAGCAGCGGAGCA-TGTGGTTTAATTCGAAGCAACGCGAAGAACCTTACCTGGACTTGACATCCCTTGCATAGCCTAGAGATAGGTGAAGCCCTTCGGGGCAAGGAGACAGGTGGTGCATGGTTGTCGTCAGCTCGTGTCGTGAGATGTTAGGTTAAGTCCTGCAACGAGCGCAACCCTTGTTATTAGTTGCTACCATTAAGTTGAGCACTCTAATGAGACTGCCTGGGTAACCAGGAGGAAGGTGGGGATGACGTCAAATCATCATGCCCCTTATGTCCAGGGCTACACACGTGCTACAATGGTAGGTACAATAAGACGCAAGACCGTGAGGTGGAGCAAAACTTATAAAACCTATCTCAGTTCGGATTGTAGGCTGCAACTCGCCTACATGAAGCTGGAGTTGCTAGTAATCGCGAATCAGAATGTCGCGGTGAATACGTTCCCGGGCCTTGTACACACCGCCCGTCACACCATGAGAGCTGGTAACACCCGAAGTCCGTGAGGTAACCGTAAGGAA-CCAGCGGCCGAAGGTGGGATTA-GTGATTGGGGTGAA-GTCGTAACAAGGTAGCCGTAGGAGAACCTGCGGCTGGATCACCTCCTT
